{"cameraMode":{"drawMode":0,"name":"Shaded","section":"Shading Mode"},"sceneLighting":false,"audioPlay":false,"sceneViewState":{"m_AlwaysRefresh":false,"showFog":true,"showSkybox":false,"showFlares":true,"showImageEffects":true,"showParticleSystems":true,"showVisualEffectGraphs":true,"m_FxEnabled":true},"in2DMode":false,"pivot":{"x":-3.984541416168213,"y":0.7049573063850403,"z":0.1437292844057083},"rotation":{"x":0.0017000909429043532,"y":-0.7034988403320313,"z":-0.0016807266511023045,"w":-0.7107049822807312},"size":2.0349061489105226,"orthographic":true}