{"cameraMode":{"drawMode":0,"name":"Shaded","section":"Shading Mode"},"sceneLighting":true,"audioPlay":false,"sceneViewState":{"m_AlwaysRefresh":false,"showFog":true,"showSkybox":true,"showFlares":true,"showImageEffects":true,"showParticleSystems":true,"showVisualEffectGraphs":true,"m_FxEnabled":true},"in2DMode":false,"pivot":{"x":1.9039281606674195,"y":16.143978118896486,"z":-36.93844985961914},"rotation":{"x":-0.24120058119297028,"y":0.12534987926483155,"z":-0.03142772987484932,"w":-0.9618520736694336},"size":0.000017328351532341912,"orthographic":false}