{"cameraMode":{"drawMode":0,"name":"Shaded","section":"Shading Mode"},"sceneLighting":true,"audioPlay":false,"sceneViewState":{"m_AlwaysRefresh":false,"showFog":true,"showSkybox":true,"showFlares":true,"showImageEffects":true,"showParticleSystems":true,"showVisualEffectGraphs":true,"m_FxEnabled":true},"in2DMode":false,"pivot":{"x":-2.809338092803955,"y":40.309513092041019,"z":-22.20296287536621},"rotation":{"x":0.4469977617263794,"y":0.017969658598303796,"z":-0.008969985879957676,"w":0.8943309783935547},"size":3.7695138454437258,"orthographic":false}