{"cameraMode":{"drawMode":0,"name":"Shaded","section":"Shading Mode"},"sceneLighting":true,"audioPlay":false,"sceneViewState":{"m_AlwaysRefresh":false,"showFog":true,"showSkybox":true,"showFlares":true,"showImageEffects":true,"showParticleSystems":true,"showVisualEffectGraphs":true,"m_FxEnabled":true},"in2DMode":false,"pivot":{"x":5.104941368103027,"y":4.893200874328613,"z":2.3642683029174806},"rotation":{"x":-0.06654556840658188,"y":-0.021253837272524835,"z":0.001418201019987464,"w":-0.9975642561912537},"size":13.608617782592774,"orthographic":false}