{"cameraMode":{"drawMode":0,"name":"Shaded","section":"Shading Mode"},"sceneLighting":false,"audioPlay":false,"sceneViewState":{"m_AlwaysRefresh":false,"showFog":true,"showSkybox":false,"showFlares":true,"showImageEffects":true,"showParticleSystems":true,"showVisualEffectGraphs":true,"m_FxEnabled":true},"in2DMode":false,"pivot":{"x":-0.055185943841934207,"y":1.2835363149642945,"z":-1.379295825958252},"rotation":{"x":-0.0281885527074337,"y":0.24894492328166963,"z":-0.007248125039041042,"w":-0.9680888652801514},"size":1.3460835218429566,"orthographic":false}