{"cameraMode":{"drawMode":0,"name":"Shaded","section":"Shading Mode"},"sceneLighting":false,"audioPlay":false,"sceneViewState":{"m_AlwaysRefresh":false,"showFog":true,"showSkybox":false,"showFlares":true,"showImageEffects":true,"showParticleSystems":true,"showVisualEffectGraphs":true,"m_FxEnabled":true},"in2DMode":false,"pivot":{"x":-0.8664333820343018,"y":1.5936305522918702,"z":-0.6535765528678894},"rotation":{"x":0.0038906377740204336,"y":0.0011975319357588888,"z":0.000006043423582013929,"w":-1.0000008344650269},"size":2.0895607471466066,"orthographic":true}